[{
  "_id": {
    "$oid": "64e098adc07e331ad8796442"
  },
  "label": "Afghanistan",
  "value": "Afg_0"
},
{
  "_id": {
    "$oid": "64e098adc07e331ad8796443"
  },
  "label": "Aland Islands",
  "value": "Ala_1"
},
{
  "_id": {
    "$oid": "64e098adc07e331ad8796444"
  },
  "label": "Albania",
  "value": "Alb_2"
},
{
  "_id": {
    "$oid": "64e098adc07e331ad8796445"
  },
  "label": "Algeria",
  "value": "Alg_3"
},
{
  "_id": {
    "$oid": "64e098adc07e331ad8796446"
  },
  "label": "American Samoa",
  "value": "Ame_4"
},
{
  "_id": {
    "$oid": "64e098adc07e331ad8796447"
  },
  "label": "Andorra",
  "value": "And_5"
},
{
  "_id": {
    "$oid": "64e098adc07e331ad8796448"
  },
  "label": "Angola",
  "value": "Ang_6"
},
{
  "_id": {
    "$oid": "64e098adc07e331ad8796449"
  },
  "label": "Anguilla",
  "value": "Ang_7"
},
{
  "_id": {
    "$oid": "64e098adc07e331ad879644a"
  },
  "label": "Antarctica",
  "value": "Ant_8"
},
{
  "_id": {
    "$oid": "64e098adc07e331ad879644b"
  },
  "label": "Antigua And Barbuda",
  "value": "Ant_9"
},
{
  "_id": {
    "$oid": "64e098adc07e331ad879644c"
  },
  "label": "Argentina",
  "value": "Arg_10"
},
{
  "_id": {
    "$oid": "64e098adc07e331ad879644d"
  },
  "label": "Armenia",
  "value": "Arm_11"
},
{
  "_id": {
    "$oid": "64e098adc07e331ad879644e"
  },
  "label": "Aruba",
  "value": "Aru_12"
},
{
  "_id": {
    "$oid": "64e098adc07e331ad879644f"
  },
  "label": "Australia",
  "value": "Aus_13"
},
{
  "_id": {
    "$oid": "64e098adc07e331ad8796450"
  },
  "label": "Austria",
  "value": "Aus_14"
},
{
  "_id": {
    "$oid": "64e098adc07e331ad8796451"
  },
  "label": "Azerbaijan",
  "value": "Aze_15"
},
{
  "_id": {
    "$oid": "64e098adc07e331ad8796452"
  },
  "label": "Bahrain",
  "value": "Bah_16"
},
{
  "_id": {
    "$oid": "64e098adc07e331ad8796453"
  },
  "label": "Bangladesh",
  "value": "Ban_17"
},
{
  "_id": {
    "$oid": "64e098adc07e331ad8796454"
  },
  "label": "Barbados",
  "value": "Bar_18"
},
{
  "_id": {
    "$oid": "64e098adc07e331ad8796455"
  },
  "label": "Belarus",
  "value": "Bel_19"
},
{
  "_id": {
    "$oid": "64e098adc07e331ad8796456"
  },
  "label": "Belgium",
  "value": "Bel_20"
},
{
  "_id": {
    "$oid": "64e098adc07e331ad8796457"
  },
  "label": "Belize",
  "value": "Bel_21"
},
{
  "_id": {
    "$oid": "64e098adc07e331ad8796458"
  },
  "label": "Benin",
  "value": "Ben_22"
},
{
  "_id": {
    "$oid": "64e098adc07e331ad8796459"
  },
  "label": "Bermuda",
  "value": "Ber_23"
},
{
  "_id": {
    "$oid": "64e098adc07e331ad879645a"
  },
  "label": "Bhutan",
  "value": "Bhu_24"
},
{
  "_id": {
    "$oid": "64e098adc07e331ad879645b"
  },
  "label": "Bolivia",
  "value": "Bol_25"
},
{
  "_id": {
    "$oid": "64e098adc07e331ad879645c"
  },
  "label": "Bonaire, Sint Eustatius and Saba",
  "value": "Bon_26"
},
{
  "_id": {
    "$oid": "64e098adc07e331ad879645d"
  },
  "label": "Bosnia and Herzegovina",
  "value": "Bos_27"
},
{
  "_id": {
    "$oid": "64e098adc07e331ad879645e"
  },
  "label": "Botswana",
  "value": "Bot_28"
},
{
  "_id": {
    "$oid": "64e098adc07e331ad879645f"
  },
  "label": "Bouvet Island",
  "value": "Bou_29"
},
{
  "_id": {
    "$oid": "64e098adc07e331ad8796460"
  },
  "label": "Brazil",
  "value": "Bra_30"
},
{
  "_id": {
    "$oid": "64e098adc07e331ad8796461"
  },
  "label": "British Indian Ocean Territory",
  "value": "Bri_31"
},
{
  "_id": {
    "$oid": "64e098adc07e331ad8796462"
  },
  "label": "Brunei",
  "value": "Bru_32"
},
{
  "_id": {
    "$oid": "64e098adc07e331ad8796463"
  },
  "label": "Bulgaria",
  "value": "Bul_33"
},
{
  "_id": {
    "$oid": "64e098adc07e331ad8796464"
  },
  "label": "Burkina Faso",
  "value": "Bur_34"
},
{
  "_id": {
    "$oid": "64e098adc07e331ad8796465"
  },
  "label": "Burundi",
  "value": "Bur_35"
},
{
  "_id": {
    "$oid": "64e098adc07e331ad8796466"
  },
  "label": "Cambodia",
  "value": "Cam_36"
},
{
  "_id": {
    "$oid": "64e098adc07e331ad8796467"
  },
  "label": "Cameroon",
  "value": "Cam_37"
},
{
  "_id": {
    "$oid": "64e098adc07e331ad8796468"
  },
  "label": "Canada",
  "value": "Can_38"
},
{
  "_id": {
    "$oid": "64e098adc07e331ad8796469"
  },
  "label": "Cape Verde",
  "value": "Cap_39"
},
{
  "_id": {
    "$oid": "64e098adc07e331ad879646a"
  },
  "label": "Cayman Islands",
  "value": "Cay_40"
},
{
  "_id": {
    "$oid": "64e098adc07e331ad879646b"
  },
  "label": "Central African Republic",
  "value": "Cen_41"
},
{
  "_id": {
    "$oid": "64e098adc07e331ad879646c"
  },
  "label": "Chad",
  "value": "Cha_42"
},
{
  "_id": {
    "$oid": "64e098adc07e331ad879646d"
  },
  "label": "Chile",
  "value": "Chi_43"
},
{
  "_id": {
    "$oid": "64e098adc07e331ad879646e"
  },
  "label": "China",
  "value": "Chi_44"
},
{
  "_id": {
    "$oid": "64e098adc07e331ad879646f"
  },
  "label": "Christmas Island",
  "value": "Chr_45"
},
{
  "_id": {
    "$oid": "64e098adc07e331ad8796470"
  },
  "label": "Cocos (Keeling) Islands",
  "value": "Coc_46"
},
{
  "_id": {
    "$oid": "64e098adc07e331ad8796471"
  },
  "label": "Colombia",
  "value": "Col_47"
},
{
  "_id": {
    "$oid": "64e098adc07e331ad8796472"
  },
  "label": "Comoros",
  "value": "Com_48"
},
{
  "_id": {
    "$oid": "64e098adc07e331ad8796473"
  },
  "label": "Congo",
  "value": "Con_49"
},
{
  "_id": {
    "$oid": "64e098adc07e331ad8796474"
  },
  "label": "Cook Islands",
  "value": "Coo_50"
},
{
  "_id": {
    "$oid": "64e098adc07e331ad8796475"
  },
  "label": "Costa Rica",
  "value": "Cos_51"
},
{
  "_id": {
    "$oid": "64e098adc07e331ad8796476"
  },
  "label": "Cote D'Ivoire (Ivory Coast)",
  "value": "Cot_52"
},
{
  "_id": {
    "$oid": "64e098adc07e331ad8796477"
  },
  "label": "Croatia",
  "value": "Cro_53"
},
{
  "_id": {
    "$oid": "64e098adc07e331ad8796478"
  },
  "label": "Cuba",
  "value": "Cub_54"
},
{
  "_id": {
    "$oid": "64e098adc07e331ad8796479"
  },
  "label": "Curaçao",
  "value": "Cur_55"
},
{
  "_id": {
    "$oid": "64e098adc07e331ad879647a"
  },
  "label": "Cyprus",
  "value": "Cyp_56"
},
{
  "_id": {
    "$oid": "64e098adc07e331ad879647b"
  },
  "label": "Czech Republic",
  "value": "Cze_57"
},
{
  "_id": {
    "$oid": "64e098adc07e331ad879647c"
  },
  "label": "Democratic Republic of the Congo",
  "value": "Dem_58"
},
{
  "_id": {
    "$oid": "64e098adc07e331ad879647d"
  },
  "label": "Denmark",
  "value": "Den_59"
},
{
  "_id": {
    "$oid": "64e098adc07e331ad879647e"
  },
  "label": "Djibouti",
  "value": "Dji_60"
},
{
  "_id": {
    "$oid": "64e098adc07e331ad879647f"
  },
  "label": "Dominica",
  "value": "Dom_61"
},
{
  "_id": {
    "$oid": "64e098adc07e331ad8796480"
  },
  "label": "Dominican Republic",
  "value": "Dom_62"
},
{
  "_id": {
    "$oid": "64e098adc07e331ad8796481"
  },
  "label": "East Timor",
  "value": "Eas_63"
},
{
  "_id": {
    "$oid": "64e098adc07e331ad8796482"
  },
  "label": "Ecuador",
  "value": "Ecu_64"
},
{
  "_id": {
    "$oid": "64e098adc07e331ad8796483"
  },
  "label": "Egypt",
  "value": "Egy_65"
},
{
  "_id": {
    "$oid": "64e098adc07e331ad8796484"
  },
  "label": "El Salvador",
  "value": "El _66"
},
{
  "_id": {
    "$oid": "64e098adc07e331ad8796485"
  },
  "label": "Equatorial Guinea",
  "value": "Equ_67"
},
{
  "_id": {
    "$oid": "64e098adc07e331ad8796486"
  },
  "label": "Eritrea",
  "value": "Eri_68"
},
{
  "_id": {
    "$oid": "64e098adc07e331ad8796487"
  },
  "label": "Estonia",
  "value": "Est_69"
},
{
  "_id": {
    "$oid": "64e098adc07e331ad8796488"
  },
  "label": "Ethiopia",
  "value": "Eth_70"
},
{
  "_id": {
    "$oid": "64e098adc07e331ad8796489"
  },
  "label": "Falkland Islands",
  "value": "Fal_71"
},
{
  "_id": {
    "$oid": "64e098adc07e331ad879648a"
  },
  "label": "Faroe Islands",
  "value": "Far_72"
},
{
  "_id": {
    "$oid": "64e098adc07e331ad879648b"
  },
  "label": "Fiji Islands",
  "value": "Fij_73"
},
{
  "_id": {
    "$oid": "64e098adc07e331ad879648c"
  },
  "label": "Finland",
  "value": "Fin_74"
},
{
  "_id": {
    "$oid": "64e098adc07e331ad879648d"
  },
  "label": "France",
  "value": "Fra_75"
},
{
  "_id": {
    "$oid": "64e098adc07e331ad879648e"
  },
  "label": "French Guiana",
  "value": "Fre_76"
},
{
  "_id": {
    "$oid": "64e098adc07e331ad879648f"
  },
  "label": "French Polynesia",
  "value": "Fre_77"
},
{
  "_id": {
    "$oid": "64e098adc07e331ad8796490"
  },
  "label": "French Southern Territories",
  "value": "Fre_78"
},
{
  "_id": {
    "$oid": "64e098adc07e331ad8796491"
  },
  "label": "Gabon",
  "value": "Gab_79"
},
{
  "_id": {
    "$oid": "64e098adc07e331ad8796492"
  },
  "label": "Gambia The",
  "value": "Gam_80"
},
{
  "_id": {
    "$oid": "64e098adc07e331ad8796493"
  },
  "label": "Georgia",
  "value": "Geo_81"
},
{
  "_id": {
    "$oid": "64e098adc07e331ad8796494"
  },
  "label": "Germany",
  "value": "Ger_82"
},
{
  "_id": {
    "$oid": "64e098adc07e331ad8796495"
  },
  "label": "Ghana",
  "value": "Gha_83"
},
{
  "_id": {
    "$oid": "64e098adc07e331ad8796496"
  },
  "label": "Gibraltar",
  "value": "Gib_84"
},
{
  "_id": {
    "$oid": "64e098adc07e331ad8796497"
  },
  "label": "Greece",
  "value": "Gre_85"
},
{
  "_id": {
    "$oid": "64e098adc07e331ad8796498"
  },
  "label": "Greenland",
  "value": "Gre_86"
},
{
  "_id": {
    "$oid": "64e098adc07e331ad8796499"
  },
  "label": "Grenada",
  "value": "Gre_87"
},
{
  "_id": {
    "$oid": "64e098adc07e331ad879649a"
  },
  "label": "Guadeloupe",
  "value": "Gua_88"
},
{
  "_id": {
    "$oid": "64e098adc07e331ad879649b"
  },
  "label": "Guam",
  "value": "Gua_89"
},
{
  "_id": {
    "$oid": "64e098adc07e331ad879649c"
  },
  "label": "Guatemala",
  "value": "Gua_90"
},
{
  "_id": {
    "$oid": "64e098adc07e331ad879649d"
  },
  "label": "Guernsey and Alderney",
  "value": "Gue_91"
},
{
  "_id": {
    "$oid": "64e098adc07e331ad879649e"
  },
  "label": "Guinea",
  "value": "Gui_92"
},
{
  "_id": {
    "$oid": "64e098adc07e331ad879649f"
  },
  "label": "Guinea-Bissau",
  "value": "Gui_93"
},
{
  "_id": {
    "$oid": "64e098adc07e331ad87964a0"
  },
  "label": "Guyana",
  "value": "Guy_94"
},
{
  "_id": {
    "$oid": "64e098adc07e331ad87964a1"
  },
  "label": "Haiti",
  "value": "Hai_95"
},
{
  "_id": {
    "$oid": "64e098adc07e331ad87964a2"
  },
  "label": "Heard Island and McDonald Islands",
  "value": "Hea_96"
},
{
  "_id": {
    "$oid": "64e098adc07e331ad87964a3"
  },
  "label": "Honduras",
  "value": "Hon_97"
},
{
  "_id": {
    "$oid": "64e098adc07e331ad87964a4"
  },
  "label": "Hong Kong S.A.R.",
  "value": "Hon_98"
},
{
  "_id": {
    "$oid": "64e098adc07e331ad87964a5"
  },
  "label": "Hungary",
  "value": "Hun_99"
},
{
  "_id": {
    "$oid": "64e098adc07e331ad87964a6"
  },
  "label": "Iceland",
  "value": "Ice_100"
},
{
  "_id": {
    "$oid": "64e098adc07e331ad87964a7"
  },
  "label": "India",
  "value": "Ind_101"
},
{
  "_id": {
    "$oid": "64e098adc07e331ad87964a8"
  },
  "label": "Indonesia",
  "value": "Ind_102"
},
{
  "_id": {
    "$oid": "64e098adc07e331ad87964a9"
  },
  "label": "Iran",
  "value": "Ira_103"
},
{
  "_id": {
    "$oid": "64e098adc07e331ad87964aa"
  },
  "label": "Iraq",
  "value": "Ira_104"
},
{
  "_id": {
    "$oid": "64e098adc07e331ad87964ab"
  },
  "label": "Ireland",
  "value": "Ire_105"
},
{
  "_id": {
    "$oid": "64e098adc07e331ad87964ac"
  },
  "label": "Israel",
  "value": "Isr_106"
},
{
  "_id": {
    "$oid": "64e098adc07e331ad87964ad"
  },
  "label": "Italy",
  "value": "Ita_107"
},
{
  "_id": {
    "$oid": "64e098adc07e331ad87964ae"
  },
  "label": "Jamaica",
  "value": "Jam_108"
},
{
  "_id": {
    "$oid": "64e098adc07e331ad87964af"
  },
  "label": "Japan",
  "value": "Jap_109"
},
{
  "_id": {
    "$oid": "64e098adc07e331ad87964b0"
  },
  "label": "Jersey",
  "value": "Jer_110"
},
{
  "_id": {
    "$oid": "64e098adc07e331ad87964b1"
  },
  "label": "Jordan",
  "value": "Jor_111"
},
{
  "_id": {
    "$oid": "64e098adc07e331ad87964b2"
  },
  "label": "Kazakhstan",
  "value": "Kaz_112"
},
{
  "_id": {
    "$oid": "64e098adc07e331ad87964b3"
  },
  "label": "Kenya",
  "value": "Ken_113"
},
{
  "_id": {
    "$oid": "64e098adc07e331ad87964b4"
  },
  "label": "Kiribati",
  "value": "Kir_114"
},
{
  "_id": {
    "$oid": "64e098adc07e331ad87964b5"
  },
  "label": "Kosovo",
  "value": "Kos_115"
},
{
  "_id": {
    "$oid": "64e098adc07e331ad87964b6"
  },
  "label": "Kuwait",
  "value": "Kuw_116"
},
{
  "_id": {
    "$oid": "64e098adc07e331ad87964b7"
  },
  "label": "Kyrgyzstan",
  "value": "Kyr_117"
},
{
  "_id": {
    "$oid": "64e098adc07e331ad87964b8"
  },
  "label": "Laos",
  "value": "Lao_118"
},
{
  "_id": {
    "$oid": "64e098adc07e331ad87964b9"
  },
  "label": "Latvia",
  "value": "Lat_119"
},
{
  "_id": {
    "$oid": "64e098adc07e331ad87964ba"
  },
  "label": "Lebanon",
  "value": "Leb_120"
},
{
  "_id": {
    "$oid": "64e098adc07e331ad87964bb"
  },
  "label": "Lesotho",
  "value": "Les_121"
},
{
  "_id": {
    "$oid": "64e098adc07e331ad87964bc"
  },
  "label": "Liberia",
  "value": "Lib_122"
},
{
  "_id": {
    "$oid": "64e098adc07e331ad87964bd"
  },
  "label": "Libya",
  "value": "Lib_123"
},
{
  "_id": {
    "$oid": "64e098adc07e331ad87964be"
  },
  "label": "Liechtenstein",
  "value": "Lie_124"
},
{
  "_id": {
    "$oid": "64e098adc07e331ad87964bf"
  },
  "label": "Lithuania",
  "value": "Lit_125"
},
{
  "_id": {
    "$oid": "64e098adc07e331ad87964c0"
  },
  "label": "Luxembourg",
  "value": "Lux_126"
},
{
  "_id": {
    "$oid": "64e098adc07e331ad87964c1"
  },
  "label": "Macau S.A.R.",
  "value": "Mac_127"
},
{
  "_id": {
    "$oid": "64e098adc07e331ad87964c2"
  },
  "label": "Madagascar",
  "value": "Mad_128"
},
{
  "_id": {
    "$oid": "64e098adc07e331ad87964c3"
  },
  "label": "Malawi",
  "value": "Mal_129"
},
{
  "_id": {
    "$oid": "64e098adc07e331ad87964c4"
  },
  "label": "Malaysia",
  "value": "Mal_130"
},
{
  "_id": {
    "$oid": "64e098adc07e331ad87964c5"
  },
  "label": "Maldives",
  "value": "Mal_131"
},
{
  "_id": {
    "$oid": "64e098adc07e331ad87964c6"
  },
  "label": "Mali",
  "value": "Mal_132"
},
{
  "_id": {
    "$oid": "64e098adc07e331ad87964c7"
  },
  "label": "Malta",
  "value": "Mal_133"
},
{
  "_id": {
    "$oid": "64e098adc07e331ad87964c8"
  },
  "label": "Man (Isle of)",
  "value": "Man_134"
},
{
  "_id": {
    "$oid": "64e098adc07e331ad87964c9"
  },
  "label": "Marshall Islands",
  "value": "Mar_135"
},
{
  "_id": {
    "$oid": "64e098adc07e331ad87964ca"
  },
  "label": "Martinique",
  "value": "Mar_136"
},
{
  "_id": {
    "$oid": "64e098adc07e331ad87964cb"
  },
  "label": "Mauritania",
  "value": "Mau_137"
},
{
  "_id": {
    "$oid": "64e098adc07e331ad87964cc"
  },
  "label": "Mauritius",
  "value": "Mau_138"
},
{
  "_id": {
    "$oid": "64e098adc07e331ad87964cd"
  },
  "label": "Mayotte",
  "value": "May_139"
},
{
  "_id": {
    "$oid": "64e098adc07e331ad87964ce"
  },
  "label": "Mexico",
  "value": "Mex_140"
},
{
  "_id": {
    "$oid": "64e098adc07e331ad87964cf"
  },
  "label": "Micronesia",
  "value": "Mic_141"
},
{
  "_id": {
    "$oid": "64e098adc07e331ad87964d0"
  },
  "label": "Moldova",
  "value": "Mol_142"
},
{
  "_id": {
    "$oid": "64e098adc07e331ad87964d1"
  },
  "label": "Monaco",
  "value": "Mon_143"
},
{
  "_id": {
    "$oid": "64e098adc07e331ad87964d2"
  },
  "label": "Mongolia",
  "value": "Mon_144"
},
{
  "_id": {
    "$oid": "64e098adc07e331ad87964d3"
  },
  "label": "Montenegro",
  "value": "Mon_145"
},
{
  "_id": {
    "$oid": "64e098adc07e331ad87964d4"
  },
  "label": "Montserrat",
  "value": "Mon_146"
},
{
  "_id": {
    "$oid": "64e098adc07e331ad87964d5"
  },
  "label": "Morocco",
  "value": "Mor_147"
},
{
  "_id": {
    "$oid": "64e098adc07e331ad87964d6"
  },
  "label": "Mozambique",
  "value": "Moz_148"
},
{
  "_id": {
    "$oid": "64e098adc07e331ad87964d7"
  },
  "label": "Myanmar",
  "value": "Mya_149"
},
{
  "_id": {
    "$oid": "64e098adc07e331ad87964d8"
  },
  "label": "Namibia",
  "value": "Nam_150"
},
{
  "_id": {
    "$oid": "64e098adc07e331ad87964d9"
  },
  "label": "Nauru",
  "value": "Nau_151"
},
{
  "_id": {
    "$oid": "64e098adc07e331ad87964da"
  },
  "label": "Nepal",
  "value": "Nep_152"
},
{
  "_id": {
    "$oid": "64e098adc07e331ad87964db"
  },
  "label": "Netherlands",
  "value": "Net_153"
},
{
  "_id": {
    "$oid": "64e098adc07e331ad87964dc"
  },
  "label": "New Caledonia",
  "value": "New_154"
},
{
  "_id": {
    "$oid": "64e098adc07e331ad87964dd"
  },
  "label": "New Zealand",
  "value": "New_155"
},
{
  "_id": {
    "$oid": "64e098adc07e331ad87964de"
  },
  "label": "Nicaragua",
  "value": "Nic_156"
},
{
  "_id": {
    "$oid": "64e098adc07e331ad87964df"
  },
  "label": "Niger",
  "value": "Nig_157"
},
{
  "_id": {
    "$oid": "64e098adc07e331ad87964e0"
  },
  "label": "Nigeria",
  "value": "Nig_158"
},
{
  "_id": {
    "$oid": "64e098adc07e331ad87964e1"
  },
  "label": "Niue",
  "value": "Niu_159"
},
{
  "_id": {
    "$oid": "64e098adc07e331ad87964e2"
  },
  "label": "Norfolk Island",
  "value": "Nor_160"
},
{
  "_id": {
    "$oid": "64e098adc07e331ad87964e3"
  },
  "label": "North Korea",
  "value": "Nor_161"
},
{
  "_id": {
    "$oid": "64e098adc07e331ad87964e4"
  },
  "label": "North Macedonia",
  "value": "Nor_162"
},
{
  "_id": {
    "$oid": "64e098adc07e331ad87964e5"
  },
  "label": "Northern Mariana Islands",
  "value": "Nor_163"
},
{
  "_id": {
    "$oid": "64e098adc07e331ad87964e6"
  },
  "label": "Norway",
  "value": "Nor_164"
},
{
  "_id": {
    "$oid": "64e098adc07e331ad87964e7"
  },
  "label": "Oman",
  "value": "Oma_165"
},
{
  "_id": {
    "$oid": "64e098adc07e331ad87964e8"
  },
  "label": "Pakistan",
  "value": "Pak_166"
},
{
  "_id": {
    "$oid": "64e098adc07e331ad87964e9"
  },
  "label": "Palau",
  "value": "Pal_167"
},
{
  "_id": {
    "$oid": "64e098adc07e331ad87964ea"
  },
  "label": "Palestinian Territory Occupied",
  "value": "Pal_168"
},
{
  "_id": {
    "$oid": "64e098adc07e331ad87964eb"
  },
  "label": "Panama",
  "value": "Pan_169"
},
{
  "_id": {
    "$oid": "64e098adc07e331ad87964ec"
  },
  "label": "Papua new Guinea",
  "value": "Pap_170"
},
{
  "_id": {
    "$oid": "64e098adc07e331ad87964ed"
  },
  "label": "Paraguay",
  "value": "Par_171"
},
{
  "_id": {
    "$oid": "64e098adc07e331ad87964ee"
  },
  "label": "Peru",
  "value": "Per_172"
},
{
  "_id": {
    "$oid": "64e098adc07e331ad87964ef"
  },
  "label": "Philippines",
  "value": "Phi_173"
},
{
  "_id": {
    "$oid": "64e098adc07e331ad87964f0"
  },
  "label": "Pitcairn Island",
  "value": "Pit_174"
},
{
  "_id": {
    "$oid": "64e098adc07e331ad87964f1"
  },
  "label": "Poland",
  "value": "Pol_175"
},
{
  "_id": {
    "$oid": "64e098adc07e331ad87964f2"
  },
  "label": "Portugal",
  "value": "Por_176"
},
{
  "_id": {
    "$oid": "64e098adc07e331ad87964f3"
  },
  "label": "Puerto Rico",
  "value": "Pue_177"
},
{
  "_id": {
    "$oid": "64e098adc07e331ad87964f4"
  },
  "label": "Qatar",
  "value": "Qat_178"
},
{
  "_id": {
    "$oid": "64e098adc07e331ad87964f5"
  },
  "label": "Reunion",
  "value": "Reu_179"
},
{
  "_id": {
    "$oid": "64e098adc07e331ad87964f6"
  },
  "label": "Romania",
  "value": "Rom_180"
},
{
  "_id": {
    "$oid": "64e098adc07e331ad87964f7"
  },
  "label": "Russia",
  "value": "Rus_181"
},
{
  "_id": {
    "$oid": "64e098adc07e331ad87964f8"
  },
  "label": "Rwanda",
  "value": "Rwa_182"
},
{
  "_id": {
    "$oid": "64e098adc07e331ad87964f9"
  },
  "label": "Saint Helena",
  "value": "Sai_183"
},
{
  "_id": {
    "$oid": "64e098adc07e331ad87964fa"
  },
  "label": "Saint Kitts And Nevis",
  "value": "Sai_184"
},
{
  "_id": {
    "$oid": "64e098adc07e331ad87964fb"
  },
  "label": "Saint Lucia",
  "value": "Sai_185"
},
{
  "_id": {
    "$oid": "64e098adc07e331ad87964fc"
  },
  "label": "Saint Pierre and Miquelon",
  "value": "Sai_186"
},
{
  "_id": {
    "$oid": "64e098adc07e331ad87964fd"
  },
  "label": "Saint Vincent And The Grenadines",
  "value": "Sai_187"
},
{
  "_id": {
    "$oid": "64e098adc07e331ad87964fe"
  },
  "label": "Saint-Barthelemy",
  "value": "Sai_188"
},
{
  "_id": {
    "$oid": "64e098adc07e331ad87964ff"
  },
  "label": "Saint-Martin (French part)",
  "value": "Sai_189"
},
{
  "_id": {
    "$oid": "64e098adc07e331ad8796500"
  },
  "label": "Samoa",
  "value": "Sam_190"
},
{
  "_id": {
    "$oid": "64e098adc07e331ad8796501"
  },
  "label": "San Marino",
  "value": "San_191"
},
{
  "_id": {
    "$oid": "64e098adc07e331ad8796502"
  },
  "label": "Sao Tome and Principe",
  "value": "Sao_192"
},
{
  "_id": {
    "$oid": "64e098adc07e331ad8796503"
  },
  "label": "Saudi Arabia",
  "value": "Sau_193"
},
{
  "_id": {
    "$oid": "64e098adc07e331ad8796504"
  },
  "label": "Senegal",
  "value": "Sen_194"
},
{
  "_id": {
    "$oid": "64e098adc07e331ad8796505"
  },
  "label": "Serbia",
  "value": "Ser_195"
},
{
  "_id": {
    "$oid": "64e098adc07e331ad8796506"
  },
  "label": "Seychelles",
  "value": "Sey_196"
},
{
  "_id": {
    "$oid": "64e098adc07e331ad8796507"
  },
  "label": "Sierra Leone",
  "value": "Sie_197"
},
{
  "_id": {
    "$oid": "64e098adc07e331ad8796508"
  },
  "label": "Singapore",
  "value": "Sin_198"
},
{
  "_id": {
    "$oid": "64e098adc07e331ad8796509"
  },
  "label": "Sint Maarten (Dutch part)",
  "value": "Sin_199"
},
{
  "_id": {
    "$oid": "64e098adc07e331ad879650a"
  },
  "label": "Slovakia",
  "value": "Slo_200"
},
{
  "_id": {
    "$oid": "64e098adc07e331ad879650b"
  },
  "label": "Slovenia",
  "value": "Slo_201"
},
{
  "_id": {
    "$oid": "64e098adc07e331ad879650c"
  },
  "label": "Solomon Islands",
  "value": "Sol_202"
},
{
  "_id": {
    "$oid": "64e098adc07e331ad879650d"
  },
  "label": "Somalia",
  "value": "Som_203"
},
{
  "_id": {
    "$oid": "64e098adc07e331ad879650e"
  },
  "label": "South Africa",
  "value": "Sou_204"
},
{
  "_id": {
    "$oid": "64e098adc07e331ad879650f"
  },
  "label": "South Georgia",
  "value": "Sou_205"
},
{
  "_id": {
    "$oid": "64e098adc07e331ad8796510"
  },
  "label": "South Korea",
  "value": "Sou_206"
},
{
  "_id": {
    "$oid": "64e098adc07e331ad8796511"
  },
  "label": "South Sudan",
  "value": "Sou_207"
},
{
  "_id": {
    "$oid": "64e098adc07e331ad8796512"
  },
  "label": "Spain",
  "value": "Spa_208"
},
{
  "_id": {
    "$oid": "64e098adc07e331ad8796513"
  },
  "label": "Sri Lanka",
  "value": "Sri_209"
},
{
  "_id": {
    "$oid": "64e098adc07e331ad8796514"
  },
  "label": "Sudan",
  "value": "Sud_210"
},
{
  "_id": {
    "$oid": "64e098adc07e331ad8796515"
  },
  "label": "Suriname",
  "value": "Sur_211"
},
{
  "_id": {
    "$oid": "64e098adc07e331ad8796516"
  },
  "label": "Svalbard And Jan Mayen Islands",
  "value": "Sva_212"
},
{
  "_id": {
    "$oid": "64e098adc07e331ad8796517"
  },
  "label": "Swaziland",
  "value": "Swa_213"
},
{
  "_id": {
    "$oid": "64e098adc07e331ad8796518"
  },
  "label": "Sweden",
  "value": "Swe_214"
},
{
  "_id": {
    "$oid": "64e098adc07e331ad8796519"
  },
  "label": "Switzerland",
  "value": "Swi_215"
},
{
  "_id": {
    "$oid": "64e098adc07e331ad879651a"
  },
  "label": "Syria",
  "value": "Syr_216"
},
{
  "_id": {
    "$oid": "64e098adc07e331ad879651b"
  },
  "label": "Taiwan",
  "value": "Tai_217"
},
{
  "_id": {
    "$oid": "64e098adc07e331ad879651c"
  },
  "label": "Tajikistan",
  "value": "Taj_218"
},
{
  "_id": {
    "$oid": "64e098adc07e331ad879651d"
  },
  "label": "Tanzania",
  "value": "Tan_219"
},
{
  "_id": {
    "$oid": "64e098adc07e331ad879651e"
  },
  "label": "Thailand",
  "value": "Tha_220"
},
{
  "_id": {
    "$oid": "64e098adc07e331ad879651f"
  },
  "label": "The Bahamas",
  "value": "The_221"
},
{
  "_id": {
    "$oid": "64e098adc07e331ad8796520"
  },
  "label": "Togo",
  "value": "Tog_222"
},
{
  "_id": {
    "$oid": "64e098adc07e331ad8796521"
  },
  "label": "Tokelau",
  "value": "Tok_223"
},
{
  "_id": {
    "$oid": "64e098adc07e331ad8796522"
  },
  "label": "Tonga",
  "value": "Ton_224"
},
{
  "_id": {
    "$oid": "64e098adc07e331ad8796523"
  },
  "label": "Trinidad And Tobago",
  "value": "Tri_225"
},
{
  "_id": {
    "$oid": "64e098adc07e331ad8796524"
  },
  "label": "Tunisia",
  "value": "Tun_226"
},
{
  "_id": {
    "$oid": "64e098adc07e331ad8796525"
  },
  "label": "Turkey",
  "value": "Tur_227"
},
{
  "_id": {
    "$oid": "64e098adc07e331ad8796526"
  },
  "label": "Turkmenistan",
  "value": "Tur_228"
},
{
  "_id": {
    "$oid": "64e098adc07e331ad8796527"
  },
  "label": "Turks And Caicos Islands",
  "value": "Tur_229"
},
{
  "_id": {
    "$oid": "64e098adc07e331ad8796528"
  },
  "label": "Tuvalu",
  "value": "Tuv_230"
},
{
  "_id": {
    "$oid": "64e098adc07e331ad8796529"
  },
  "label": "Uganda",
  "value": "Uga_231"
},
{
  "_id": {
    "$oid": "64e098adc07e331ad879652a"
  },
  "label": "Ukraine",
  "value": "Ukr_232"
},
{
  "_id": {
    "$oid": "64e098adc07e331ad879652b"
  },
  "label": "United Arab Emirates",
  "value": "Uni_233"
},
{
  "_id": {
    "$oid": "64e098adc07e331ad879652c"
  },
  "label": "United Kingdom",
  "value": "Uni_234"
},
{
  "_id": {
    "$oid": "64e098adc07e331ad879652d"
  },
  "label": "United States of America",
  "value": "Uni_235"
},
{
  "_id": {
    "$oid": "64e098adc07e331ad879652e"
  },
  "label": "United States Minor Outlying Islands",
  "value": "Uni_236"
},
{
  "_id": {
    "$oid": "64e098adc07e331ad879652f"
  },
  "label": "Uruguay",
  "value": "Uru_237"
},
{
  "_id": {
    "$oid": "64e098adc07e331ad8796530"
  },
  "label": "Uzbekistan",
  "value": "Uzb_238"
},
{
  "_id": {
    "$oid": "64e098adc07e331ad8796531"
  },
  "label": "Vanuatu",
  "value": "Van_239"
},
{
  "_id": {
    "$oid": "64e098adc07e331ad8796532"
  },
  "label": "Vatican City State (Holy See)",
  "value": "Vat_240"
},
{
  "_id": {
    "$oid": "64e098adc07e331ad8796533"
  },
  "label": "Venezuela",
  "value": "Ven_241"
},
{
  "_id": {
    "$oid": "64e098adc07e331ad8796534"
  },
  "label": "Vietnam",
  "value": "Vie_242"
},
{
  "_id": {
    "$oid": "64e098adc07e331ad8796535"
  },
  "label": "Virgin Islands (British)",
  "value": "Vir_243"
},
{
  "_id": {
    "$oid": "64e098adc07e331ad8796536"
  },
  "label": "Virgin Islands (US)",
  "value": "Vir_244"
},
{
  "_id": {
    "$oid": "64e098adc07e331ad8796537"
  },
  "label": "Wallis And Futuna Islands",
  "value": "Wal_245"
},
{
  "_id": {
    "$oid": "64e098adc07e331ad8796538"
  },
  "label": "Western Sahara",
  "value": "Wes_246"
},
{
  "_id": {
    "$oid": "64e098adc07e331ad8796539"
  },
  "label": "Yemen",
  "value": "Yem_247"
},
{
  "_id": {
    "$oid": "64e098adc07e331ad879653a"
  },
  "label": "Zambia",
  "value": "Zam_248"
},
{
  "_id": {
    "$oid": "64e098adc07e331ad879653b"
  },
  "label": "Zimbabwe",
  "value": "Zim_249"
}]